INSERT INTO tb_genre (name) VALUES 
    ('Masculino'),
    ('Feminino');
INSERT INTO tb_symptom (uuid, name, weight) VALUES 
    ('2173180e-edb8-46c9-a926-8729e8d64196', 'Enxaqueca', 4), 
    ('b5b45059-5a8b-4916-96cb-f9cd254e5d30', 'Tosse seca', 3),
    ('54dfd081-c144-455e-b71f-b93f36c94850', 'Febre acima de 38ºC', 5),
    ('738c6497-b709-41f3-9cb4-34b536f9f47a', 'Cansaço excessivo', 5),
    ('213b3269-4196-4da3-b7e6-6a6c4195f32c', 'Dor muscular generalizada', 5),
    ('036506d1-02c8-40b5-94bb-eb0d7a9c1052', 'Dor de cabeça', 5),
    ('78d56b12-891e-4183-a0a1-e651cbb19d9d', 'Garganta inflamada', 5),
    ('4148baec-7e28-4cb4-b303-7d72b44eacf5', 'Coriza ou nariz entupido', 3),
    ('e4cde92b-73bc-4978-891d-f8d5af92132c', 'diarreia', 5),
    ('2c3a15f6-51b6-4c1d-a52d-d4c49e3d04fa', 'Falta de ar', 5),
    ('1f9d5f76-2f88-4cbb-9f50-292f84ebcda4', 'Dor no peito', 5),
    ('b2e5b0e7-6a68-4cbe-8d71-d6a8f3a594b2', 'Confusão mental', 4),
    ('e8c3a489-f8cb-4d3e-95c8-2d3b9c58f6c8', 'Náusea', 3),
    ('9d294b70-1c4b-4c9d-9e13-8c7a42943a3d', 'Vômito', 4),
    ('486dbb34-1db4-4a8e-a9b0-9a44b12b0538', 'Perda de paladar ou olfato', 4),
    ('cdb04839-64be-4a7c-a8e3-1b6b2a8b1c43', 'Arrepios', 3),
    ('5d9c3e4e-82fa-4d75-936f-6d1f646f657d', 'Calafrios', 3),
    ('d9d3f0f2-5cb1-4c3c-a8c8-97384e7f6d32', 'Sudorese', 2),
    ('8e517a55-0cf0-4516-8f68-939f8be2a8e2', 'Fadiga', 4),
    ('fc10be60-13a6-45c3-8b85-bdf6e5e2e6d9', 'Tontura', 3),
    ('ba99c94b-21f3-4c77-bbae-715e13d53b4e', 'Desmaio', 5),
    ('b905c1e7-4842-4c5a-9db6-fcb0fc8f9eb3', 'Perda de apetite', 3),
    ('d7e6d3e8-5e92-4c2e-9d96-4d3b937c5d6f', 'Dificuldade para engolir', 4),
    ('a2a4a1f3-8c54-4d5e-b6e3-c7e9a7f34d57', 'Falta de coordenação', 4),
    ('3f53b0a1-2736-4383-9277-d2b26a9d5f16', 'Erupção cutânea', 3),
    ('4a79b134-08cf-4742-8858-27f2e4e78434', 'Dores articulares', 4),
    ('79ac8e3b-2b1e-45df-8b21-6d9c5e6f0df3', 'Dificuldade em respirar', 5),
    ('2e8451b7-4d50-4d3b-9a3b-2e535b7c9d4a', 'Palpitações', 4),
    ('6f5f1f60-5e6c-4ad8-9671-447735598563', 'Visão embaçada', 3),
    ('5fdc8b65-b40b-4a66-9d62-cf3405b0f65c', 'Dificuldade de concentração', 3),
    ('e2e3b4b2-2d92-4c56-8bfb-d8565fbaf29e', 'Perda de memória', 4),
    ('7f2c4f45-3f7e-45a7-bb27-23f6dc31248b', 'Pele amarelada', 4),
    ('a6f98217-2f53-4e77-9df0-35695e7683ef', 'Inchaço nas pernas', 4),
    ('7fc8033c-0451-430e-a10e-9266a0d1c213', 'Comprometimento das vias aéreas', 3),
    ('ec57d4ba-f835-4295-aaed-4337aa71d0fe', 'Respiração inadequada', 4),
    ('b7601bda-23c1-4c1b-9c39-f03479fb1c1a', 'hemorragia Exsanguinante', 6),
    ('c665502f-d64e-451f-8e0a-4e1635434c88', 'Choque', 4),
    ('d90a0fb9-65cd-4be7-9d6c-cbb479830d8b', 'Convulsionando', 8),
    ('6ea5b5ab-7489-4e53-856f-721052391656', 'Desidratação', 2),
    ('25191348-60fd-45da-a03c-470d99c24874', 'Alteração da consciência', 7),
    ('847cbc37-6fa3-467e-a05b-2c4e9db9bb6a', 'Tonteira', 6),
    ('5b6e9dc0-48d3-420f-9d25-03a1c6e7f32b', 'Fratura', 2),
    ('f89d4890-2a70-4333-8817-910d4df3df98', 'Vomito', 8);

INSERT INTO tb_comorbidity (uuid, name, multiply_factor) VALUES
    ('45a04e71-8e89-413f-bb11-54cf213c4817', 'Síndrome de Down', 2),
    ('0ef79c9e-3c1a-4f15-be8f-958481a55fd1', 'Hipertensão', 3),
    ('c42a908f-f87f-455f-8b78-47848c63f555', 'Diabetes', 4),
    ('8fbea010-ee94-4695-9d37-6133736982ec', 'Cirrose Hepática', 4),
    ('24f86196-f90a-4802-9e6b-3503813f823e', 'Doença Cerebrovascular', 4),
    ('dd0e0e3a-692b-4edb-827a-25d69ed2d399', 'Insuficiência Cardíaca', 3);

INSERT INTO tb_priority (color, description) VALUES
    ('Vermelho', 'Emergência'),
    ('Amarelo', 'Urgência'),
    ('Verde', 'Pouca Urgência'),
    ('Azul', 'Não Urgente');

INSERT INTO tb_address (id, first_line, house_number, residence_type, second_line, city, state, postal_code) VALUES
    ('9107b0e2-ef0a-4d11-a7d8-bb7d5010545a', 'Rua Doutor Carlos Agra', '200', 'Apartamento', 'Centro', 'Campina Grande', 'PB', '58400-204'),
    ('ca831ca3-d57c-4478-9a46-cf2b16d7a951', 'Rua Passiflora', '657', 'Casa', 'Jardim Esperança', 'Japeri', 'RJ', '26460-075'),
    ('385910ec-650d-4808-99c0-7419fed60f32', 'Rua Olinda Pires de Almeida', '712', 'Casa', 'Cohafaba II Plano', 'Dourados', 'MS', '79826-120'),
    ('baf055d0-ffdc-4321-b4b1-2050de3bf96b', 'Rua Olavo Brasil Filho', '227', 'Casa', 'Jardim Floresta', 'Boa Vista', 'RR', '69312-133'),
    ('3fe8714b-debe-405e-bf9f-b497c025aca7', 'Rua Rio Tocantins', '924', 'Casa', 'Boné Azul', 'Macapá', 'AP', '68909-492'),
    ('8c0e6304-a403-439d-8b9c-dfc16993d2b3', 'Quadra QS 401 Conjunto I', '555', 'Casa', 'Samambaia Norte (Samambaia)', 'Brasília', 'DF', '72319-529'),
    ('bced0970-3b96-4ab7-92e2-f567ea6bff7b', 'Rua Padre Nestor Sampaio', '481', 'Apartamento', 'Ponto Novo', 'Aracaju', 'SE', '49045-000'),
    ('140b2083-6794-4ef9-8570-db6b16e58658', 'Rua Vereador Ernâni Batista Rosas', '674', 'Apartamento', 'Jardim Carvalho', 'Ponta Grossa', 'PR', '84015-150'),
    ('9dcfdf8f-38cb-4ed5-ad26-a2e957eb8ba7', 'Rua Projetada 08', '884', 'Apartamento', 'SETSUL', 'Três Lagoas', 'MS', '79610-376'),
    ('ccca5059-5b56-4513-8588-5f2abffc6cf5', 'Rua Salgado Filho', '289', 'Apartamento', 'Jardim Curitiba', 'Paranavaí', 'PR', '87708-200'),
    ('66682d2f-16a3-4ffd-a6f4-d8f4c92c567d', 'Rua Santa Maria Bertila', '985', 'Apartamento', 'Cidade Nova', 'Manaus', 'AM', '69095-614'),
    ('02e6007c-cf61-4da1-9b10-adedd8340aa7', 'Quadra G', '324', 'Casa', 'Kennedy', 'Caruaru', 'PE', '55036-560'),
    ('e7d8bdda-f0d4-46d6-928c-c7eaa6464b79', 'Rua EF 13', '124', 'Casa', 'Residencial Eli Forte', 'Goiânia', 'GO', '74371-036'),
    ('487dca24-7e07-4634-a179-7099cd56f5ec', 'Rua AB', '459', 'Casa', 'Serraria', 'Maceió', 'AL', '57046-481'),
    ('ac690efb-f346-4fa1-be6d-672adfd7096a', 'Quadra 309 Sul Rua 21', '745', 'Casa', 'Plano Diretor Sul', 'Palmas', 'TO', '77015-510'),
    ('e6e8bffa-d62c-4a8c-9b95-0c2c727e85ad', 'Avenida José Cardoso da Silva', '181', 'Casa', 'Goiabal', 'Macapá', 'AP', '68906-015'),
    ('d9e9f818-ca24-41e0-a8a9-33d1baee73ca', 'Rua Por do Sol', '427', 'Casa', 'Gilberto Mestrinho', 'Manaus', 'AM', '69006-421'),
    ('fa0588d1-7e26-4563-b3c3-3d051d325b57', 'Rua do Girassol', '103', 'Casa', 'Privê Lírios dos Campos', 'Anápolis', 'GO', '75093-410'),
    ('c9f4b705-fa47-4ef4-94f3-c3ed6e473e07', 'Rua Buonon', '119', 'Casa', 'Bonsucesso', 'Fortaleza', 'CE', '60545-472'),
    ('4925e70d-4d43-406d-8939-76933883080e', 'Rua Luiz Carlos de Aguiar Machado', '259', 'Casa', 'Jabotiana', 'Aracaju', 'SE', '49095-480'),
    ('277baefa-e11d-4b61-b054-d868c377ae89', 'Rua da Liberdade', '153', 'Casa', 'Passarinho', 'Recife', 'PE', '52165-180'),
    ('08102959-f50b-45b3-a513-4cc15bfdf98d', 'Rua Rio de Janeiro', '390', 'Apartamento', 'Jardim América', 'Itaguaí', 'RJ', '23810-770'),
    ('b2da1e92-299e-4179-8f40-bb6d8f6bd792', 'Rua Gustavo Persuhn', '227', 'Apartamento', 'Itoupava Seca', 'Blumenau', 'SC', '89030-150'),
    ('6cd7ddf1-19e0-44ad-95f8-692a9b1a67db', 'Rua Primavera', '820', 'Apartamento', 'Conjunto Laélia Alcântara', 'Rio Branco', 'AC', '69914-478'),
    ('f119e9a1-7c61-4ba5-8f1b-7973f601a183', 'Quadra 408 Norte Alameda 9', '735', 'Apartamento', 'Plano Diretor Norte', 'Palmas', 'TO', '77006-498'),
    ('e37ce633-0159-42cd-a7ca-4a906783176b', 'Rua Maria Agda de Jesus', '482', 'Casa', 'Jardim Sarandí', 'Campo Grande', 'MS', '79108-308'),
    ('92d08218-6f9b-43e9-ae7d-464b41126de5', 'Rua Manoel da Silva', '799', 'Casa', 'Tabuazeiro', 'Vitória', 'ES', '29043-471'),
    ('53158dec-efa0-491e-a524-d218e4eba522', 'Residencial Israel', '891', 'Casa', 'Primavera', 'Teresina', 'PI', '64006-145'),
    ('929b2173-fc67-4077-95ea-8d191d0b61b4', 'Rua Pirapitinga', '711', 'Casa', 'Jorge Teixeira', 'Manaus', 'AM', '69088-748'),
    ('04d6e740-2175-4ce6-b547-57188650e66f', 'Rua Itabaiana', '346', 'Casa', 'São José', 'Aracaju', 'SE', '49015-110');


INSERT INTO tb_patients (id, name, fk_genre, fk_address, birthday, mother_name, email, phone_number, father_name) VALUES 
    ('e7829deb-2014-42d5-bfe0-5fb5e6f7d906', 'Heloise Esther Rayssa da Silva', 2, '9107b0e2-ef0a-4d11-a7d8-bb7d5010545a', '2003-06-10', 'Sara Simone', 'heloise_dasilva@larioja.com.br', '(69) 2822-8494', null),
    ('12f931dd-e427-4dd4-b869-852e1f73c891', 'Maria Luana Porto', 2, 'ca831ca3-d57c-4478-9a46-cf2b16d7a951', '1965-01-17', 'Fátima Andrea Clara', 'maria.luana.porto@nipbr.com.br', '(91) 2662-6943', 'Otávio João Freitas'),
    ('692ac970-2202-442c-b30a-b47f29edfd33', 'Sônia Laís Luna Brito', 2, '385910ec-650d-4808-99c0-7419fed60f32', '1994-03-27', 'Ana Alícia Rosângela', 'sonia-brito70@gmeil.com', '(86) 2737-4371', 'César Heitor Lorenzo Teixeira'),
    ('88201f48-c149-4898-80bb-292e200de241', 'Antonella Luciana Gabrielly Silva', 2, 'baf055d0-ffdc-4321-b4b1-2050de3bf96b', '1983-05-05', 'Laís Alessandra Rafaela', 'antonella_luciana_silva@lajescobre.com', '(65) 2724-4776', 'Iago Luan Erick Farias'),
    ('ba7ed7c1-713c-4325-b9f7-0130ceaeea1c', 'Kamilly Lúcia Helena Carvalho', 2, '3fe8714b-debe-405e-bf9f-b497c025aca7', '1947-01-13', 'Gabrielly Kamilly', 'kamilly-carvalho97@focoreducao.com.br', '(63) 3705-8573', 'Matheus Kaique Kevin Nunes'),
    ('fabc4539-0555-4a6e-925f-739c89423be4', 'Filipe Augusto Moraes', 1, '8c0e6304-a403-439d-8b9c-dfc16993d2b3', '1961-02-02', 'Mariane Luzia', 'filipe-moraes80@cebrace.com.br', '(83) 2580-9620', 'Joaquim Nathan da Costa'),
    ('cba9e18f-14de-443b-8312-5448c19f31aa', 'Aparecida Nicole Carla Rezende', 2, 'bced0970-3b96-4ab7-92e2-f567ea6bff7b', '1987-02-07', 'Sophia Regina', 'aparecida_rezende@icloub.com', '(43) 2856-1136', 'Calebe Matheus Ramos'),
    ('9c1a6c96-fe29-408d-956a-53c864c5321b', 'Severino Vicente Otávio Fernandes', 1, '140b2083-6794-4ef9-8570-db6b16e58658', '1968-03-15', 'Elza Isabelly', 'severino-fernandes95@castromobile.com.br', '(85) 3829-0763', 'Augusto Yago Martins'),
    ('90cc094a-67e1-4e58-b082-ba83e6e29eb3', 'Bento Matheus Gabriel Aragão', 1, '9dcfdf8f-38cb-4ed5-ad26-a2e957eb8ba7', '1998-01-20', 'Antonella Alana Clara', 'bento.matheus.aragao@pisbrasil.com.br', '(31) 3844-9542', 'Murilo Bruno Costa'),
    ('bcdfa0ec-87dd-448d-bf52-25973276fe83', 'Luana Fabiana dos Santos', 2, 'ccca5059-5b56-4513-8588-5f2abffc6cf5', '2000-01-08', 'Olivia Allana Milena', 'luanafabianadossantos@ideiaviva.com.br', '(96) 3987-3421', 'Pedro Henrique Luan Giovanni das Neves'),
    ('7e8048b5-ee61-4ed6-ad92-6f46a2b74c15', 'Emanuelly Maitê Pinto', 2, '66682d2f-16a3-4ffd-a6f4-d8f4c92c567d', '1993-05-02', 'Valentina Kamilly Alice', 'emanuelly-pinto71@coreval.com.br', '(82) 2803-7432', 'Benício Luan Emanuel Moreira'),
    ('5ff8d290-d65a-411a-9561-5e9291956275', 'Augusto Elias Vitor Monteiro', 1, '02e6007c-cf61-4da1-9b10-adedd8340aa7', '1951-03-27', 'Sarah Patrícia', 'augusto_elias_monteiro@alcoa.com.br', '(85) 2543-6476', 'Miguel Geraldo Arthur Corte Real'),
    ('73b13213-d6ec-4fa1-be5f-5d35d2926b4e', 'Valentina Alana da Conceição', 2, 'e7d8bdda-f0d4-46d6-928c-c7eaa6464b79', '1964-03-21', 'Raquel Sueli Priscila', 'valentina-daconceicao74@atualmarcenaria.com.br', '(81) 2523-4542', 'Roberto Lucas Anderson Moura'),
    ('47f532bb-6cf6-4b1b-a3da-da8c9babbba4', 'Caio Bruno Caleb Fogaça', 1, '487dca24-7e07-4634-a179-7099cd56f5ec', '1998-04-26', 'Cecília Eduarda Fernanda', 'caio_bruno_fogaca@casabellavidros.com.br', '(63) 3780-7191', 'Mateus Thomas Ferreira'),
    ('d9fc9092-2b2a-4e0a-8009-04f256015da8', 'Jorge Gustavo Mário Gonçalves', 1, 'ac690efb-f346-4fa1-be6d-672adfd7096a', '1987-06-04', 'Aparecida Giovanna', 'jorge.gustavo.goncalves@geniustyres.com.br', '(79) 3622-2366', 'Arthur Renan José Pinto'),
    ('03ec7f2d-f60a-4b65-8fb1-f54b90f160a0', 'Edson Fernando Elias Santos', 1, 'e6e8bffa-d62c-4a8c-9b95-0c2c727e85ad', '1969-06-14', 'Vera Aurora', 'edson.fernando.santos@zoomfoccus.com.br', '(98) 2984-1998', 'Cauã Henrique Sérgio da Rosa'),
    ('888aa525-9aec-4cd1-9dca-459e3a3a1860', 'Yasmin Nicole Peixoto', 2, 'd9e9f818-ca24-41e0-a8a9-33d1baee73ca', '1996-05-14', 'Laís Helena Emanuelly', 'yasmin_nicole_peixoto@triunfante.com.br', '(61) 3689-5646', 'Rafael Guilherme Carvalho'),
    ('bcae378c-c337-499e-a4ba-c9bcf462d6d2', 'Emanuelly Daiane Luna Cavalcanti', 2, 'fa0588d1-7e26-4563-b3c3-3d051d325b57', '1971-01-27', 'Jéssica Vitória Vitória', 'emanuelly-cavalcanti77@sorocaba.com', '(67) 3562-2587', 'Marcelo Benedito Ribeiro'),
    ('f39783a9-1ff6-426b-8deb-e6fce6eecce9', 'Luiz Luan Lopes', 1, 'c9f4b705-fa47-4ef4-94f3-c3ed6e473e07', '1977-05-03', 'Luana Aparecida', 'luiz.luan.lopes@elevaconsultancy.com.br', '(71) 2991-0159', 'Caio Noah Barbosa'),
    ('8147a158-61d1-4c4b-8c63-a98c15d0b5a5', 'Pietra Kamilly Campos', 2, '4925e70d-4d43-406d-8939-76933883080e', '1981-06-01', 'Agatha Larissa', 'pietra_kamilly_campos@danielvasconcelos.com.br', '(51) 3809-0957', 'Noah Ruan da Luz'),
    ('a5e8cd90-7fdc-42de-9e5b-abeb771e9d51', 'Elaine Cecília Souza', 2, '277baefa-e11d-4b61-b054-d868c377ae89', '1989-06-10', 'Bianca Eloá', 'elainececiliasouza@randstad.com.br', '(69) 2855-2627', 'Erick Benedito Arthur Monteiro'),
    ('9f309338-ae7a-481f-8690-4bbfa64f1df4', 'Antonella Marlene Nogueira', 2, '08102959-f50b-45b3-a513-4cc15bfdf98d', '1994-04-01', 'Regina Maria Marli', 'antonella.marlene.nogueira@ovi.com', '(27) 2937-0159', 'Manoel Danilo Kaique Duarte'),
    ('0c2f0d0a-48f6-4dad-a5d6-cea5b406dbe1', 'Elza Amanda de Paula', 2, 'b2da1e92-299e-4179-8f40-bb6d8f6bd792', '2004-01-11', 'Rosângela Nina Carla', 'elza_amanda_depaula@cursomarcato.com.br', '(53) 2665-4743', 'Márcio Bernardo Gonçalves'),
    ('0802aa05-165d-4c57-9527-0d4f01404efb', 'Nair Olivia Moura', 2, '6cd7ddf1-19e0-44ad-95f8-692a9b1a67db', '1992-05-20', 'Catarina Alícia', 'nair_olivia_moura@paae.com.br', '(69) 2935-5804', 'Pedro Henrique André da Mota'),
    ('223facfa-6511-4238-97d6-0e63ccc3b35d', 'Francisco Francisco Gustavo Lima', 1, 'f119e9a1-7c61-4ba5-8f1b-7973f601a183', '1959-06-14', 'Andreia Luana', 'francisco.francisco.lima@technicolor.com', '(71) 2614-3128', 'Kauê Diego Cardoso'),
    ('61668db7-18a3-4d29-88b4-affa91314875', 'Heloise Stella Aparecida Dias', 2, 'e37ce633-0159-42cd-a7ca-4a906783176b', '2003-06-06', 'Jéssica Kamilly', 'heloise.stella.dias@policiacivil.sp.gov.br', '(79) 2729-1019', null),
    ('0d1ad8a3-55a4-4a54-9ee1-880d64fec4ef', 'Emanuel Benício Freitas', 1, '92d08218-6f9b-43e9-ae7d-464b41126de5', '1944-05-17', 'Larissa Cristiane', 'emanuel_freitas@live.ie', '(62) 3716-9425', null),
    ('4977084d-6e83-40e2-bd6a-8bf68f13afb8', 'Márcia Fátima Jesus', 2, '53158dec-efa0-491e-a524-d218e4eba522', '1976-06-03', 'Gabriela Vitória Emanuelly', 'marciafatimajesus@yande.com.br', '(54) 3956-6505', 'Kauê Martin Calebe Cavalcanti'),
    ('4928f6c3-ba1b-4523-bda5-926035ec1d0c', 'Valentina Liz Elza da Costa', 2, '929b2173-fc67-4077-95ea-8d191d0b61b4', '1977-03-27', 'Clara Sandra Jéssica', 'valentina-dacosta75@destaco.com', '(82) 3537-9487', 'Rafael Paulo da Silva'),
    ('5a73e0f4-62a5-401f-b786-81a4a02b602c', 'Daniela Brenda Alves', 2, '04d6e740-2175-4ce6-b547-57188650e66f', '1971-06-02', 'Nina Emilly', 'daniela_brenda_alves@saae.sp.gov.br', '(79) 3734-9179', 'Bento Henrique Nogueira');
INSERT INTO TB_ATTENDANT (uuid, name, username, password, email, phone_number, speciality) VALUES 
    ('c25cef14-c78e-414c-964b-154c5043cba1', 'Teresinha Antonella Teixeira', 'teresinha_antonella_teixeira', 'aCJ9uArkNo', 'teresinha.antonella.teixeira@marramoncks.com.br', '(53) 2754-1652', 'Doenças Respiratórias'),
    ('a5835e44-d141-4930-9002-1af08f4ad6b6', 'Sueli Antonella Peixoto', 'sueli_antonella_peixoto', '8uyIDoqpS9', 'sueli.antonella.peixoto@yahool.com', '(67) 3819-0959', 'Geral'),
    ('1f3d616b-f0ff-4d1f-bd60-555c59740d2c', 'Cauã Iago da Costa', 'cauã_iago_da_costa', 'x382NG0Qb0', 'cauaiagodacosta@lnaa.com.br', '(86) 2767-8985', 'Viroses'),
    ('e7a77001-6e8c-40b8-ae16-bdad5c292fbc', 'Gael Thiago Leandro da Mata', 'gael_thiago_leandro_da_mata', 'u6wl6i1CHK', 'gael.thiago.damata@aichele.com.br', '(71) 2662-1415', 'Geral'),
    ('71a902e3-e60d-42fa-a954-798c02a513b6', 'Fábio Vinicius Geraldo da Mota', 'fábio_vinicius_geraldo_da_mota', 'oIn8LNSpQ4', 'fabio-damota92@ambarnet.com.br', '(83) 3779-5888', 'Maternidade'),
    ('1c8877f9-9b07-4a6c-9368-82ccef03ef9c', 'Pietra Aurora Rebeca Mendes', 'pietra_aurora_rebeca_mendes', 'LfYXbTPDG7', 'pietra.aurora.mendes@rafaeladson.com', '(14) 3731-7686', 'Pós Operatório'),
    ('fbf2e550-fe7d-4856-a73a-bef840e120be', 'Renan Fábio Nunes', 'renan_fábio_nunes', 'fglCidTihW', 'renanfabionunes@cbsaperfeicoamento.com.br', '(71) 2885-6056', 'Pós Operatório'),
    ('be2af9d2-56e0-4913-8e8d-7c0f0a4d7e0e', 'Caio Yago Assunção', 'caio_yago_assunção', 'IuqYJJz8mR', 'caio_yago_assuncao@mundivox.com.br', '(27) 3981-8719', 'Doenças Respiratórias'),
    ('4f26b825-a935-42ef-be19-aab772094a91', 'Tomás Leonardo Francisco da Paz', 'tomás_leonardo_francisco_da_paz', '4CM5zXCnRY', 'tomas.leonardo.dapaz@tigra.com.br', '(81) 3628-4436', 'Alergias'),
    ('b4f12683-7400-4596-9867-9bcecb39190b', 'Isabella Isabella Moura', 'isabella_isabella_moura', 'CSbBpS82St', 'isabellaisabellamoura@iesa.com.br', '(67) 3659-6197', 'Casos Delicados'),
    ('6bcab158-30d4-4882-a899-87c0913ff6f2', 'Sophia Catarina Elaine dos Santos', 'sophia_catarina_elaine_dos_santos', '1dLLddoM0n', 'sophia_dossantos@caferibeiro.com.br', '(86) 2734-0255', 'Pediatria'),
    ('ee4b624b-dc87-4826-81f1-712cff6c1a72', 'Lívia Isabella Carvalho', 'lívia_isabella_carvalho', '1Ln2s40S2X', 'liviaisabellacarvalho@ozsurfing.com.br', '(69) 2745-2796', 'Pediatria'),
    ('cf09dc9d-a5d4-493e-a8dd-63455da61298', 'John Doe', 'johndoe', 'password123', 'john@example.com', '1234567890', 'Geral');

INSERT INTO tb_report (uuid, annotations, fk_attendant, fk_patient, fk_priority, created_at, updated_at, total_score) VALUES
    ('c36050ef-2a32-4670-9a2e-2d98aa91ae73', 'Sentindo sintomas a mais de 2 semanas', 'c25cef14-c78e-414c-964b-154c5043cba1', 'e7829deb-2014-42d5-bfe0-5fb5e6f7d906', 2, '2024-06-15 14:12:10' , null, 2),
    ('4bce0d1b-7a3a-4bbf-a6f4-d8f7bb1c5e6a', 'Apresenta sintomas por uma semana', 'a5835e44-d141-4930-9002-1af08f4ad6b6', '12f931dd-e427-4dd4-b869-852e1f73c891', 1, '2024-06-16 09:30:00', null, 1),
    ('7d2cde9e-957d-4a45-b64d-88d7c9a24fb3', 'Sente cansaço e febre alta', '1f3d616b-f0ff-4d1f-bd60-555c59740d2c', '692ac970-2202-442c-b30a-b47f29edfd33', 3, '2024-06-16 10:45:00', null, 12),
    ('f4c8c9e8-d1b7-4c45-8b46-cd8f9b6b9147', 'Dor muscular intensa e tosse seca', 'e7a77001-6e8c-40b8-ae16-bdad5c292fbc', '88201f48-c149-4898-80bb-292e200de241', 2, '2024-06-16 11:20:00', null, 1),
    ('0ab2c5f3-9a9e-4c32-b9c9-8a8c1a42c9f6', 'Garganta inflamada e dor de cabeça', '71a902e3-e60d-42fa-a954-798c02a513b6', 'ba7ed7c1-713c-4325-b9f7-0130ceaeea1c', 4, '2024-06-16 12:05:00', null, 1),
    ('5f9e8b6e-b8c4-4b6e-b6c8-d7f6b9c7a6e4', 'Coriza e nariz entupido há dois dias', '1c8877f9-9b07-4a6c-9368-82ccef03ef9c', 'fabc4539-0555-4a6e-925f-739c89423be4', 3, '2024-06-16 13:00:00', null, 20),
    ('c35050ef-2a32-4670-9a2e-2d98aa91ae73','Sentindo sintomas a mais de 2 semanas', 'c25cef14-c78e-414c-964b-154c5043cba1', 'e7829deb-2014-42d5-bfe0-5fb5e6f7d906', 2, '2024-06-15 14:12:10', '2024-06-15 15:12:10', 1),
    ('e2192631-1a5c-45c5-9f61-305c7b31fea3','', 'a5835e44-d141-4930-9002-1af08f4ad6b6', '12f931dd-e427-4dd4-b869-852e1f73c891', 2, '2024-06-15 23:12:10', '2024-06-15 23:18:10', 1),
    ('ca4a8bfe-8fe6-497c-ba7c-2c593f05fec2','Sentinto sintomas a mais de 1 semana', '1f3d616b-f0ff-4d1f-bd60-555c59740d2c', '692ac970-2202-442c-b30a-b47f29edfd33', 2, '2024-06-15 14:30:10', '2024-06-15 15:30:10', 1),
    ('939be18e-2187-431f-ab5d-b9ffb52c7e15','', 'e7a77001-6e8c-40b8-ae16-bdad5c292fbc', '88201f48-c149-4898-80bb-292e200de241', 2, '2024-06-15 20:12:10', '2024-06-15 20:17:10', 1),
    ('4dd9dae8-fade-4716-9fca-1b01c5601b72','', '71a902e3-e60d-42fa-a954-798c02a513b6', 'ba7ed7c1-713c-4325-b9f7-0130ceaeea1c', 2, '2024-06-15 13:12:10', '2024-06-15 13:22:10', 1),
    ('951cd71c-28de-4241-824e-278484ff3940','Sentinto sintomas a mais de 1 semanas', '1c8877f9-9b07-4a6c-9368-82ccef03ef9c', 'fabc4539-0555-4a6e-925f-739c89423be4', 1, '2024-06-15 23:15:40', '2024-06-15 23:34:40', 1),
    ('3a792774-671f-4b78-8458-22dc89ff42a7','Sentinto sintomas a mais de 4 semanas', 'fbf2e550-fe7d-4856-a73a-bef840e120be', 'cba9e18f-14de-443b-8312-5448c19f31aa', 2, '2024-06-15 13:12:10', '2024-06-15 13:56:10', 1),
    ('ff07460a-dfed-46a0-8c00-3e713797baac','Sentinto sintomas a mais de 2 semanas', 'be2af9d2-56e0-4913-8e8d-7c0f0a4d7e0e', '9c1a6c96-fe29-408d-956a-53c864c5321b', 1, '2024-06-15 22:10:10', '2024-06-15 23:10:00', 1),
    ('d2190456-0abc-4f59-b967-7764a50f5721','', '4f26b825-a935-42ef-be19-aab772094a91', '90cc094a-67e1-4e58-b082-ba83e6e29eb3', 1, '2024-06-15 03:12:10', '2024-06-15 03:12:10', 1),
    ('b00a3f77-c927-4cb5-9b4d-2cded2612a5c','', 'b4f12683-7400-4596-9867-9bcecb39190b', 'bcdfa0ec-87dd-448d-bf52-25973276fe83', 2, '2024-06-15 23:03:10', null, 1),
    ('b62b8bc8-0741-49a4-8bc2-ab26ecdb83b7','Sentinto sintomas a mais de 1 semana', '6bcab158-30d4-4882-a899-87c0913ff6f2', '7e8048b5-ee61-4ed6-ad92-6f46a2b74c15', 2, '2024-06-15 19:10:10', null, 1),
    ('b249a94a-9986-4814-857d-0c2272762791','Sentinto sintomas a mais de 2 semanas', 'ee4b624b-dc87-4826-81f1-712cff6c1a72', '5ff8d290-d65a-411a-9561-5e9291956275', 1, '2024-06-15 23:00:10', null, 1),
    ('31d9ee4c-edf0-4759-8a50-6011446fc84c','Sentinto sintomas a mais de 1 semana', 'cf09dc9d-a5d4-493e-a8dd-63455da61298', '73b13213-d6ec-4fa1-be5f-5d35d2926b4e', 2, '2024-06-15 18:10:10', null, 1),
    ('d7dd2a61-3672-46cf-9f81-c258d09f5873','Sentinto sintomas a mais de 3 semanas', 'c25cef14-c78e-414c-964b-154c5043cba1', '47f532bb-6cf6-4b1b-a3da-da8c9babbba4', 1, '2024-06-29 23:00:10', null, 1),
    ('43090799-6bfa-43cc-a1d7-ad584edfce1b','', 'a5835e44-d141-4930-9002-1af08f4ad6b6', 'd9fc9092-2b2a-4e0a-8009-04f256015da8', 1, '2024-06-29 11:00:10', null, 1),
    ('6ac358b5-7ad9-43ae-849e-f184afc5515f','Sentinto sintomas a mais de 3 semanas', '1f3d616b-f0ff-4d1f-bd60-555c59740d2c', '03ec7f2d-f60a-4b65-8fb1-f54b90f160a0', 1, '2024-06-29 12:12:12', null, 1),        
    ('7432a806-c420-4521-af64-3a68558d2d05','Sentinto sintomas a mais de 1 semana', 'e7a77001-6e8c-40b8-ae16-bdad5c292fbc', '888aa525-9aec-4cd1-9dca-459e3a3a1860', 2, '2024-06-29 10:20:12', null, 1),   
    ('5615ae40-b3b5-4861-bdd0-c9a2df2a4a0a','', '71a902e3-e60d-42fa-a954-798c02a513b6', 'bcae378c-c337-499e-a4ba-c9bcf462d6d2', 2, '2024-06-29 10:10:12', null, 1),   
    ('f65512a8-0baa-4c4c-8a9d-360ca15355b3','Sentinto sintomas a mais de 3 semanas', '1c8877f9-9b07-4a6c-9368-82ccef03ef9c', 'f39783a9-1ff6-426b-8deb-e6fce6eecce9', 1, '2024-06-29 17:10:12', null, 1),      
    ('303a8a91-4c11-4d78-9bd0-07ab6463d8db','', 'fbf2e550-fe7d-4856-a73a-bef840e120be', '8147a158-61d1-4c4b-8c63-a98c15d0b5a5', 2, '2024-06-29 13:10:12', null, 1),   
    ('d4cd3aa3-e4eb-497b-b4e0-263e2ce87c5a','Sentinto sintomas a mais de 3 semanas', 'be2af9d2-56e0-4913-8e8d-7c0f0a4d7e0e', 'a5e8cd90-7fdc-42de-9e5b-abeb771e9d51', 2, '2024-06-29 04:02:00', null, 1),   
    ('f8571287-4772-41b5-97f7-c27bdc834d7f','', '4f26b825-a935-42ef-be19-aab772094a91', '9f309338-ae7a-481f-8690-4bbfa64f1df4', 2, '2024-06-29 14:02:00', null, 1),  
    ('25373651-165b-4a46-8b18-d49d81a06cf4','Sentinto sintomas a mais de 1 semana', 'b4f12683-7400-4596-9867-9bcecb39190b', '0c2f0d0a-48f6-4dad-a5d6-cea5b406dbe1', 2, '2024-06-29 12:02:00', null, 1),  
    ('e0d4c260-6d60-424f-8452-f620b012acc5','Sentinto sintomas a mais de 2 semanas', '6bcab158-30d4-4882-a899-87c0913ff6f2', '0802aa05-165d-4c57-9527-0d4f01404efb', 2, '2024-06-29 11:02:00', null, 1),    
    ('d9cc1a80-f536-4def-af7c-41ea9050d625','Sentinto sintomas a mais de 2 semanas', 'ee4b624b-dc87-4826-81f1-712cff6c1a72', '223facfa-6511-4238-97d6-0e63ccc3b35d', 1, '2024-06-29 02:02:00', null, 1),  
    ('108c43e4-be6c-4ea1-8feb-27be079b48a3','Sentinto sintomas a mais de 1 semana', 'cf09dc9d-a5d4-493e-a8dd-63455da61298', '61668db7-18a3-4d29-88b4-affa91314875', 2, '2024-06-29 23:02:00', null, 1),   
    ('3b90473c-3b17-48ef-80eb-8b7e3be99dde','Sentinto sintomas a mais de 1 semana', 'c25cef14-c78e-414c-964b-154c5043cba1', '0d1ad8a3-55a4-4a54-9ee1-880d64fec4ef', 1, '2024-06-30 11:20:00', null, 1),    
    ('0e48b1c8-2c2b-4183-8460-474e60fce410','Sentinto sintomas a mais de 2 semanas', 'a5835e44-d141-4930-9002-1af08f4ad6b6', '4977084d-6e83-40e2-bd6a-8bf68f13afb8', 2, '2024-06-30 09:40:00', null, 1),  
    ('d13db283-4369-4d8f-8196-b8cb0090768e','Sentinto sintomas a mais de 2 semanas', '1f3d616b-f0ff-4d1f-bd60-555c59740d2c', '4928f6c3-ba1b-4523-bda5-926035ec1d0c', 2, '2024-06-30 02:20:00', null, 1),  
    ('27b44492-2598-433c-91f3-ad5ecce925ab','Sentinto sintomas a mais de 2 semanas', 'e7a77001-6e8c-40b8-ae16-bdad5c292fbc', '5a73e0f4-62a5-401f-b786-81a4a02b602c', 2, '2024-06-30 19:20:00', null, 1);

    
    
INSERT INTO tb_report_xref_symptom (fk_report, fk_symptom) VALUES
    ('c35050ef-2a32-4670-9a2e-2d98aa91ae73', 'b5b45059-5a8b-4916-96cb-f9cd254e5d30'),
    ('c35050ef-2a32-4670-9a2e-2d98aa91ae73', '54dfd081-c144-455e-b71f-b93f36c94850'),
    ('c35050ef-2a32-4670-9a2e-2d98aa91ae73', '213b3269-4196-4da3-b7e6-6a6c4195f32c'),
    ('c35050ef-2a32-4670-9a2e-2d98aa91ae73', '4148baec-7e28-4cb4-b303-7d72b44eacf5'),

    ('c36050ef-2a32-4670-9a2e-2d98aa91ae73', 'b5b45059-5a8b-4916-96cb-f9cd254e5d30'),
    ('c36050ef-2a32-4670-9a2e-2d98aa91ae73', '54dfd081-c144-455e-b71f-b93f36c94850'),
    ('c36050ef-2a32-4670-9a2e-2d98aa91ae73', '213b3269-4196-4da3-b7e6-6a6c4195f32c'),
    ('c36050ef-2a32-4670-9a2e-2d98aa91ae73', '4148baec-7e28-4cb4-b303-7d72b44eacf5'),
    ('c36050ef-2a32-4670-9a2e-2d98aa91ae73', '4148baec-7e28-4cb4-b303-7d72b44eacf5'),


    ('4bce0d1b-7a3a-4bbf-a6f4-d8f7bb1c5e6a', '54dfd081-c144-455e-b71f-b93f36c94850'), -- Febre acima de 38ºC
    ('4bce0d1b-7a3a-4bbf-a6f4-d8f7bb1c5e6a', '213b3269-4196-4da3-b7e6-6a6c4195f32c'), -- Dor muscular generalizada
    ('7d2cde9e-957d-4a45-b64d-88d7c9a24fb3', '036506d1-02c8-40b5-94bb-eb0d7a9c1052'), -- Dor de cabeça
    ('7d2cde9e-957d-4a45-b64d-88d7c9a24fb3', '78d56b12-891e-4183-a0a1-e651cbb19d9d'), -- Garganta inflamada
    ('f4c8c9e8-d1b7-4c45-8b46-cd8f9b6b9147', 'b5b45059-5a8b-4916-96cb-f9cd254e5d30'), -- Tosse seca
    ('f4c8c9e8-d1b7-4c45-8b46-cd8f9b6b9147', '213b3269-4196-4da3-b7e6-6a6c4195f32c'), -- Dor muscular generalizada
    ('0ab2c5f3-9a9e-4c32-b9c9-8a8c1a42c9f6', '036506d1-02c8-40b5-94bb-eb0d7a9c1052'), -- Dor de cabeça
    ('0ab2c5f3-9a9e-4c32-b9c9-8a8c1a42c9f6', '78d56b12-891e-4183-a0a1-e651cbb19d9d'), -- Garganta inflamada
    ('5f9e8b6e-b8c4-4b6e-b6c8-d7f6b9c7a6e4', '4148baec-7e28-4cb4-b303-7d72b44eacf5'), -- Coriza ou nariz entupido
    ('e2192631-1a5c-45c5-9f61-305c7b31fea3', '738c6497-b709-41f3-9cb4-34b536f9f47a'),
    ('e2192631-1a5c-45c5-9f61-305c7b31fea3', '54dfd081-c144-455e-b71f-b93f36c94850'),
    ('e2192631-1a5c-45c5-9f61-305c7b31fea3', '213b3269-4196-4da3-b7e6-6a6c4195f32c'),
    ('e2192631-1a5c-45c5-9f61-305c7b31fea3', '4148baec-7e28-4cb4-b303-7d72b44eacf5'),

    ('ca4a8bfe-8fe6-497c-ba7c-2c593f05fec2', '4148baec-7e28-4cb4-b303-7d72b44eacf5'),
    ('ca4a8bfe-8fe6-497c-ba7c-2c593f05fec2', '78d56b12-891e-4183-a0a1-e651cbb19d9d'),
    ('ca4a8bfe-8fe6-497c-ba7c-2c593f05fec2', '738c6497-b709-41f3-9cb4-34b536f9f47a'),
    ('ca4a8bfe-8fe6-497c-ba7c-2c593f05fec2', '54dfd081-c144-455e-b71f-b93f36c94850'),

    ('939be18e-2187-431f-ab5d-b9ffb52c7e15', '738c6497-b709-41f3-9cb4-34b536f9f47a'),
    ('939be18e-2187-431f-ab5d-b9ffb52c7e15', '036506d1-02c8-40b5-94bb-eb0d7a9c1052'),
    ('939be18e-2187-431f-ab5d-b9ffb52c7e15', '54dfd081-c144-455e-b71f-b93f36c94850'),
    ('939be18e-2187-431f-ab5d-b9ffb52c7e15', '4148baec-7e28-4cb4-b303-7d72b44eacf5'),

    ('4dd9dae8-fade-4716-9fca-1b01c5601b72', '738c6497-b709-41f3-9cb4-34b536f9f47a'),
    ('4dd9dae8-fade-4716-9fca-1b01c5601b72', '213b3269-4196-4da3-b7e6-6a6c4195f32c'),
    ('4dd9dae8-fade-4716-9fca-1b01c5601b72', 'e4cde92b-73bc-4978-891d-f8d5af92132c'),
    ('4dd9dae8-fade-4716-9fca-1b01c5601b72', '2173180e-edb8-46c9-a926-8729e8d64196'),

    ('951cd71c-28de-4241-824e-278484ff3940', '54dfd081-c144-455e-b71f-b93f36c94850'),
    ('951cd71c-28de-4241-824e-278484ff3940', 'b5b45059-5a8b-4916-96cb-f9cd254e5d30'),
    ('951cd71c-28de-4241-824e-278484ff3940', '4148baec-7e28-4cb4-b303-7d72b44eacf5'),
    ('951cd71c-28de-4241-824e-278484ff3940', '2173180e-edb8-46c9-a926-8729e8d64196'),

    ('3a792774-671f-4b78-8458-22dc89ff42a7', '54dfd081-c144-455e-b71f-b93f36c94850'),
    ('3a792774-671f-4b78-8458-22dc89ff42a7', '213b3269-4196-4da3-b7e6-6a6c4195f32c'),
    ('3a792774-671f-4b78-8458-22dc89ff42a7', 'b5b45059-5a8b-4916-96cb-f9cd254e5d30'),
    ('3a792774-671f-4b78-8458-22dc89ff42a7', '2173180e-edb8-46c9-a926-8729e8d64196'),
    
    ('ff07460a-dfed-46a0-8c00-3e713797baac', '54dfd081-c144-455e-b71f-b93f36c94850'),
    ('ff07460a-dfed-46a0-8c00-3e713797baac', '213b3269-4196-4da3-b7e6-6a6c4195f32c'),
    ('ff07460a-dfed-46a0-8c00-3e713797baac', 'b5b45059-5a8b-4916-96cb-f9cd254e5d30'),
    ('ff07460a-dfed-46a0-8c00-3e713797baac', '2173180e-edb8-46c9-a926-8729e8d64196'),

    ('d2190456-0abc-4f59-b967-7764a50f5721', '54dfd081-c144-455e-b71f-b93f36c94850'),
    ('d2190456-0abc-4f59-b967-7764a50f5721', '213b3269-4196-4da3-b7e6-6a6c4195f32c'),
    ('d2190456-0abc-4f59-b967-7764a50f5721', 'b5b45059-5a8b-4916-96cb-f9cd254e5d30'),
    ('d2190456-0abc-4f59-b967-7764a50f5721', '2173180e-edb8-46c9-a926-8729e8d64196'),

    ('b00a3f77-c927-4cb5-9b4d-2cded2612a5c', '738c6497-b709-41f3-9cb4-34b536f9f47a'),
    ('b00a3f77-c927-4cb5-9b4d-2cded2612a5c', '213b3269-4196-4da3-b7e6-6a6c4195f32c'),
    ('b00a3f77-c927-4cb5-9b4d-2cded2612a5c', 'e4cde92b-73bc-4978-891d-f8d5af92132c'),
    ('b00a3f77-c927-4cb5-9b4d-2cded2612a5c', '2173180e-edb8-46c9-a926-8729e8d64196'),

    ('b62b8bc8-0741-49a4-8bc2-ab26ecdb83b7', 'b5b45059-5a8b-4916-96cb-f9cd254e5d30'),
    ('b62b8bc8-0741-49a4-8bc2-ab26ecdb83b7', '54dfd081-c144-455e-b71f-b93f36c94850'),
    ('b62b8bc8-0741-49a4-8bc2-ab26ecdb83b7', '213b3269-4196-4da3-b7e6-6a6c4195f32c'),
    ('b62b8bc8-0741-49a4-8bc2-ab26ecdb83b7', '4148baec-7e28-4cb4-b303-7d72b44eacf5'),

    ('b249a94a-9986-4814-857d-0c2272762791', '54dfd081-c144-455e-b71f-b93f36c94850'),
    ('b249a94a-9986-4814-857d-0c2272762791', 'b5b45059-5a8b-4916-96cb-f9cd254e5d30'),
    ('b249a94a-9986-4814-857d-0c2272762791', '4148baec-7e28-4cb4-b303-7d72b44eacf5'),
    ('b249a94a-9986-4814-857d-0c2272762791', '2173180e-edb8-46c9-a926-8729e8d64196'),

    ('31d9ee4c-edf0-4759-8a50-6011446fc84c', '738c6497-b709-41f3-9cb4-34b536f9f47a'),
    ('31d9ee4c-edf0-4759-8a50-6011446fc84c', '54dfd081-c144-455e-b71f-b93f36c94850'),
    ('31d9ee4c-edf0-4759-8a50-6011446fc84c', '213b3269-4196-4da3-b7e6-6a6c4195f32c'),
    ('31d9ee4c-edf0-4759-8a50-6011446fc84c', '4148baec-7e28-4cb4-b303-7d72b44eacf5'),

    ('d7dd2a61-3672-46cf-9f81-c258d09f5873', '54dfd081-c144-455e-b71f-b93f36c94850'),
    ('d7dd2a61-3672-46cf-9f81-c258d09f5873', 'b5b45059-5a8b-4916-96cb-f9cd254e5d30'),
    ('d7dd2a61-3672-46cf-9f81-c258d09f5873', '4148baec-7e28-4cb4-b303-7d72b44eacf5'),
    ('d7dd2a61-3672-46cf-9f81-c258d09f5873', '2173180e-edb8-46c9-a926-8729e8d64196'),

    ('43090799-6bfa-43cc-a1d7-ad584edfce1b', 'b5b45059-5a8b-4916-96cb-f9cd254e5d30'),
    ('43090799-6bfa-43cc-a1d7-ad584edfce1b', '54dfd081-c144-455e-b71f-b93f36c94850'),
    ('43090799-6bfa-43cc-a1d7-ad584edfce1b', '213b3269-4196-4da3-b7e6-6a6c4195f32c'),
    ('43090799-6bfa-43cc-a1d7-ad584edfce1b', '4148baec-7e28-4cb4-b303-7d72b44eacf5'),

    ('6ac358b5-7ad9-43ae-849e-f184afc5515f', '4148baec-7e28-4cb4-b303-7d72b44eacf5'),
    ('6ac358b5-7ad9-43ae-849e-f184afc5515f', '78d56b12-891e-4183-a0a1-e651cbb19d9d'),
    ('6ac358b5-7ad9-43ae-849e-f184afc5515f', '738c6497-b709-41f3-9cb4-34b536f9f47a'),
    ('6ac358b5-7ad9-43ae-849e-f184afc5515f', '54dfd081-c144-455e-b71f-b93f36c94850'),

    ('7432a806-c420-4521-af64-3a68558d2d05', '54dfd081-c144-455e-b71f-b93f36c94850'),
    ('7432a806-c420-4521-af64-3a68558d2d05', 'b5b45059-5a8b-4916-96cb-f9cd254e5d30'),
    ('7432a806-c420-4521-af64-3a68558d2d05', '4148baec-7e28-4cb4-b303-7d72b44eacf5'),
    ('7432a806-c420-4521-af64-3a68558d2d05', '2173180e-edb8-46c9-a926-8729e8d64196'),

    ('5615ae40-b3b5-4861-bdd0-c9a2df2a4a0a', 'b5b45059-5a8b-4916-96cb-f9cd254e5d30'),
    ('5615ae40-b3b5-4861-bdd0-c9a2df2a4a0a', '54dfd081-c144-455e-b71f-b93f36c94850'),
    ('5615ae40-b3b5-4861-bdd0-c9a2df2a4a0a', '213b3269-4196-4da3-b7e6-6a6c4195f32c'),
    ('5615ae40-b3b5-4861-bdd0-c9a2df2a4a0a', '4148baec-7e28-4cb4-b303-7d72b44eacf5'),

    ('f65512a8-0baa-4c4c-8a9d-360ca15355b3', 'b5b45059-5a8b-4916-96cb-f9cd254e5d30'),
    ('f65512a8-0baa-4c4c-8a9d-360ca15355b3', '54dfd081-c144-455e-b71f-b93f36c94850'),
    ('f65512a8-0baa-4c4c-8a9d-360ca15355b3', '213b3269-4196-4da3-b7e6-6a6c4195f32c'),
    ('f65512a8-0baa-4c4c-8a9d-360ca15355b3', '4148baec-7e28-4cb4-b303-7d72b44eacf5'),

    ('303a8a91-4c11-4d78-9bd0-07ab6463d8db', '4148baec-7e28-4cb4-b303-7d72b44eacf5'),
    ('303a8a91-4c11-4d78-9bd0-07ab6463d8db', '78d56b12-891e-4183-a0a1-e651cbb19d9d'),
    ('303a8a91-4c11-4d78-9bd0-07ab6463d8db', '738c6497-b709-41f3-9cb4-34b536f9f47a'),
    ('303a8a91-4c11-4d78-9bd0-07ab6463d8db', '54dfd081-c144-455e-b71f-b93f36c94850'),

    ('d4cd3aa3-e4eb-497b-b4e0-263e2ce87c5a', '738c6497-b709-41f3-9cb4-34b536f9f47a'),
    ('d4cd3aa3-e4eb-497b-b4e0-263e2ce87c5a', '036506d1-02c8-40b5-94bb-eb0d7a9c1052'),
    ('d4cd3aa3-e4eb-497b-b4e0-263e2ce87c5a', '54dfd081-c144-455e-b71f-b93f36c94850'),
    ('d4cd3aa3-e4eb-497b-b4e0-263e2ce87c5a', '4148baec-7e28-4cb4-b303-7d72b44eacf5'),

    ('f8571287-4772-41b5-97f7-c27bdc834d7f', '54dfd081-c144-455e-b71f-b93f36c94850'),
    ('f8571287-4772-41b5-97f7-c27bdc834d7f', '213b3269-4196-4da3-b7e6-6a6c4195f32c'),
    ('f8571287-4772-41b5-97f7-c27bdc834d7f', 'b5b45059-5a8b-4916-96cb-f9cd254e5d30'),
    ('f8571287-4772-41b5-97f7-c27bdc834d7f', '2173180e-edb8-46c9-a926-8729e8d64196'),

    ('25373651-165b-4a46-8b18-d49d81a06cf4', '738c6497-b709-41f3-9cb4-34b536f9f47a'),
    ('25373651-165b-4a46-8b18-d49d81a06cf4', '213b3269-4196-4da3-b7e6-6a6c4195f32c'),
    ('25373651-165b-4a46-8b18-d49d81a06cf4', 'e4cde92b-73bc-4978-891d-f8d5af92132c'),
    ('25373651-165b-4a46-8b18-d49d81a06cf4', '2173180e-edb8-46c9-a926-8729e8d64196'),

    ('e0d4c260-6d60-424f-8452-f620b012acc5', 'b5b45059-5a8b-4916-96cb-f9cd254e5d30'),
    ('e0d4c260-6d60-424f-8452-f620b012acc5', '54dfd081-c144-455e-b71f-b93f36c94850'),
    ('e0d4c260-6d60-424f-8452-f620b012acc5', '213b3269-4196-4da3-b7e6-6a6c4195f32c'),
    ('e0d4c260-6d60-424f-8452-f620b012acc5', '4148baec-7e28-4cb4-b303-7d72b44eacf5'),

    
    ('d9cc1a80-f536-4def-af7c-41ea9050d625', 'b5b45059-5a8b-4916-96cb-f9cd254e5d30'),
    ('d9cc1a80-f536-4def-af7c-41ea9050d625', '54dfd081-c144-455e-b71f-b93f36c94850'),
    ('d9cc1a80-f536-4def-af7c-41ea9050d625', '213b3269-4196-4da3-b7e6-6a6c4195f32c'),
    ('d9cc1a80-f536-4def-af7c-41ea9050d625', '4148baec-7e28-4cb4-b303-7d72b44eacf5'),

    ('108c43e4-be6c-4ea1-8feb-27be079b48a3', '54dfd081-c144-455e-b71f-b93f36c94850'),
    ('108c43e4-be6c-4ea1-8feb-27be079b48a3', '213b3269-4196-4da3-b7e6-6a6c4195f32c'),
    ('108c43e4-be6c-4ea1-8feb-27be079b48a3', 'b5b45059-5a8b-4916-96cb-f9cd254e5d30'),
    ('108c43e4-be6c-4ea1-8feb-27be079b48a3', '2173180e-edb8-46c9-a926-8729e8d64196'),

    ('3b90473c-3b17-48ef-80eb-8b7e3be99dde', '738c6497-b709-41f3-9cb4-34b536f9f47a'),
    ('3b90473c-3b17-48ef-80eb-8b7e3be99dde', '213b3269-4196-4da3-b7e6-6a6c4195f32c'),
    ('3b90473c-3b17-48ef-80eb-8b7e3be99dde', 'e4cde92b-73bc-4978-891d-f8d5af92132c'),
    ('3b90473c-3b17-48ef-80eb-8b7e3be99dde', '2173180e-edb8-46c9-a926-8729e8d64196'),

    ('0e48b1c8-2c2b-4183-8460-474e60fce410', '738c6497-b709-41f3-9cb4-34b536f9f47a'),
    ('0e48b1c8-2c2b-4183-8460-474e60fce410', '213b3269-4196-4da3-b7e6-6a6c4195f32c'),
    ('0e48b1c8-2c2b-4183-8460-474e60fce410', 'e4cde92b-73bc-4978-891d-f8d5af92132c'),
    ('0e48b1c8-2c2b-4183-8460-474e60fce410', '2173180e-edb8-46c9-a926-8729e8d64196'),

    ('d13db283-4369-4d8f-8196-b8cb0090768e', '738c6497-b709-41f3-9cb4-34b536f9f47a'),
    ('d13db283-4369-4d8f-8196-b8cb0090768e', '213b3269-4196-4da3-b7e6-6a6c4195f32c'),
    ('d13db283-4369-4d8f-8196-b8cb0090768e', 'e4cde92b-73bc-4978-891d-f8d5af92132c'),
    ('d13db283-4369-4d8f-8196-b8cb0090768e', '2173180e-edb8-46c9-a926-8729e8d64196');
